{
  "model_path": "./best_baseline_model.keras",
  "config_path": "configs/baseline.yaml",
  "test_samples": 671,
  "timestamp": "20251210_215532",
  "model_metrics": {
    "loss": 0.1315293163061142,
    "accuracy": 0.9523099660873413,
    "precision": 0.9523099660873413,
    "recall": 0.9523099660873413,
    "auc": 0.9901553392410278
  },
  "detailed_metrics": {
    "accuracy": 0.9523099850968704,
    "precision": 0.8560606060606061,
    "recall": 0.8968253968253969,
    "f1_score": 0.8759689922480621,
    "specificity": 0.9651376146788991,
    "true_positives": 113,
    "true_negatives": 526,
    "false_positives": 19,
    "false_negatives": 13,
    "roc_auc": 0.9848696665210427,
    "average_precision": 0.9258939288403066
  },
  "classification_report": {
    "Negative (Non-brood)": {
      "precision": 0.9758812615955473,
      "recall": 0.9651376146788991,
      "f1-score": 0.9704797047970479,
      "support": 545.0
    },
    "Positive (Brood)": {
      "precision": 0.8560606060606061,
      "recall": 0.8968253968253969,
      "f1-score": 0.875968992248062,
      "support": 126.0
    },
    "accuracy": 0.9523099850968704,
    "macro avg": {
      "precision": 0.9159709338280767,
      "recall": 0.930981505752148,
      "f1-score": 0.923224348522555,
      "support": 671.0
    },
    "weighted avg": {
      "precision": 0.9533814067559012,
      "recall": 0.9523099850968704,
      "f1-score": 0.9527325367178047,
      "support": 671.0
    }
  }
}